timestamp,lat,lon,alt,heading,speed,hdop,rtk
0.0,46.8426071,-91.9945599,198.3,47.3,6.87,0.8,0
2.0,46.8426907,-91.9944273,198.6,45.2,6.86,0.8,0
4.0,46.8427776,-91.9942994,198.6,43.8,6.75,0.8,0
6.0,46.8428651,-91.9941766,198.6,44.7,6.77,0.8,0
8.0,46.8429516,-91.9940517,198.5,45.5,6.87,0.8,0
10.0,46.8430381,-91.9939231,198.5,138.2,12.94,0.8,0
12.0,46.8428646,-91.9936967,198.4,224.3,7.05,0.8,0
14.0,46.8427739,-91.9938259,198.5,226.4,6.75,0.8,0
16.0,46.8426903,-91.9939544,198.6,226.0,6.80,0.8,0
18.0,46.8426054,-91.9940828,198.5,225.9,6.73,0.8,0
20.0,46.8425213,-91.9942096,198.6,224.1,6.77,0.8,0
22.0,46.8424339,-91.9943334,198.6,131.8,12.72,0.8,0
24.0,46.8422816,-91.9940842,198.6,44.8,7.05,0.8,0
26.0,46.8423715,-91.9939536,198.7,44.3,6.77,0.8,0
28.0,46.8424584,-91.9938293,198.6,45.6,6.75,0.8,0
30.0,46.8425433,-91.9937027,198.6,44.6,6.72,0.8,0
32.0,46.8426293,-91.9935787,198.5,44.0,6.76,0.8,0
34.0,46.8427166,-91.9934553,198.5,224.0,0.00,0.8,0
